USE cpplatform_1;

-- Customers Table (100 INSERT statements with varied data)

INSERT INTO Customers (CustomerID, FirstName, LastName, Date_of_Birth, City, State, Country, PostalCode, Phone, Email, DateEntered) 
VALUES
(57081, 'James', 'Smith', '1987-03-26', 'New York', 'NY', 'USA', 280862, 9638483934, 'James.Smith@gmail.com', '2020-01-02'),
(57082, 'Robert', 'Downey Jr', '1973-05-24', 'New York', 'NY', 'USA', 376573, 6588282115, 'Robert.DowneyJr@gmail.com', '2020-01-06'),
(57083, 'John', 'Williams', '1990-04-14', 'Chicago', 'IL', 'USA', 485629, 7641021429, 'John.Williams@gmail.com', '2020-01-11'),
(57084, 'Michael', 'Johnson', '1953-03-25', 'Brisbane', 'QLD', 'Australia', 260866, 7354232181, 'Michael.Johnson@gmail.com', '2020-01-16'),
(57085, 'Steve', 'Williams', '1971-04-24', 'Bremen', 'Bremen', 'Germany', 740338, 6285552036, 'Steve.Williams@gmail.com', '2020-01-17'),
(57086, 'David', 'Beckham', '1965-10-18', 'Villach', 'Carinthia', 'Austria', 621492, 7756781677, 'David.Beckham@gmail.com', '2020-01-20'),
(57087, 'Richard', 'Brown', '1958-12-16', 'San Antonio', 'TX', 'USA', 110945, 8420993031, 'Richard.Brown@gmail.com', '2020-01-20'),
(57088, 'Joseph', 'James', '1967-08-27', 'Amsterdam', 'North Holland', 'Netherlands', 186896, 6691466381, 'Joseph.James@gmail.com', '2020-01-25'),
(57089, 'Emily', 'Davis', '1982-11-03', 'London', 'England', 'UK', 394728, 4567890123, 'Emily.Davis@gmail.com', '2020-02-10'),
(57090, 'Sophia', 'Wilson', '1995-06-15', 'Paris', 'Île-de-France', 'France', 583921, 9876543210, 'Sophia.Wilson@gmail.com', '2020-02-15'),
(57091, 'Daniel', 'Garcia', '1989-02-28', 'Madrid', 'Madrid', 'Spain', 729563, 1029384756, 'Daniel.Garcia@gmail.com', '2020-02-22'),
(57092, 'Olivia', 'Rodriguez', '1976-09-12', 'Rome', 'Lazio', 'Italy', 852147, 5463728190, 'Olivia.Rodriguez@gmail.com', '2020-03-01'),
(57093, 'Ethan', 'Martinez', '1992-04-05', 'Berlin', 'Berlin', 'Germany', 963258, 9012345678, 'Ethan.Martinez@gmail.com', '2020-03-08'),
(57094, 'Mia', 'Anderson', '1985-12-19', 'Tokyo', 'Tokyo', 'Japan', 1234567, 8765432109, 'Mia.Anderson@gmail.com', '2020-03-15'),
(57095, 'Alexander', 'Taylor', '1979-07-26', 'Sydney', 'NSW', 'Australia', 2345678, 7654321098, 'Alexander.Taylor@gmail.com', '2020-03-22'),
(57096, 'Ava', 'Thomas', '1998-03-11', 'Toronto', 'ON', 'Canada', 3456789, 6543210987, 'Ava.Thomas@gmail.com', '2020-03-29'),
(57097, 'Jackson', 'Hernandez', '1982-10-02', 'Mexico City', 'Mexico City', 'Mexico', 4567890, 5432109876, 'Jackson.Hernandez@gmail.com', '2020-04-05'),
(57098, 'Isabella', 'Moore', '1991-05-17', 'Sao Paulo', 'Sao Paulo', 'Brazil', 5678901, 4321098765, 'Isabella.Moore@gmail.com', '2020-04-12'),
(57099, 'Aiden', 'Lee', '1975-08-29', 'Shanghai', 'Shanghai', 'China', 6789012, 3210987654, 'Aiden.Lee@gmail.com', '2020-04-19'),
(57100, 'Charlotte', 'Clark', '1988-01-14', 'Mumbai', 'Maharashtra', 'India', 7890123, 2109876543, 'Charlotte.Clark@gmail.com', '2020-04-26'),
(57101, 'Liam', 'Lewis', '1993-06-21', 'Dubai', 'Dubai', 'UAE', 8901234, 1098765432, 'Liam.Lewis@gmail.com', '2020-05-03'),
(57102, 'Harper', 'Robinson', '1986-09-07', 'Cape Town', 'Western Cape', 'South Africa', 9012345, 987654321, 'Harper.Robinson@gmail.com', '2020-05-10'),
(57103, 'Noah', 'Walker', '1978-04-19', 'Buenos Aires', 'Buenos Aires', 'Argentina', 123456, 876543210, 'Noah.Walker@gmail.com', '2020-05-17'),
(57104, 'Abigail', 'Hall', '1996-12-04', 'Cairo', 'Cairo', 'Egypt', 234567, 765432109, 'Abigail.Hall@gmail.com', '2020-05-24'),
(57105, 'William', 'Young', '1981-07-12', 'Nairobi', 'Nairobi', 'Kenya', 345678, 654321098, 'William.Young@gmail.com', '2020-05-31'),
(57106, 'Scarlett', 'King', '1994-03-25', 'Lagos', 'Lagos', 'Nigeria', 456789, 543210987, 'Scarlett.King@gmail.com', '2020-06-03'),
(57107, 'Ava', 'Garcia', '1999-11-18', 'Austin', 'TX', 'USA', 78703, 2109876543, 'Ava.Garcia@gmail.com', '2024-07-12'),
(57108, 'Ethan', 'Rodriguez', '1984-07-05', 'Seattle', 'WA', 'USA', 98101, 3210987654, 'Ethan.Rodriguez@gmail.com', '2024-07-15'),
(57109, 'Isabella', 'Martinez', '1977-03-22', 'Denver', 'CO', 'USA', 80202, 4321098765, 'Isabella.Martinez@gmail.com', '2024-07-18'),
(57110, 'Liam', 'Anderson', '1991-09-09', 'Portland', 'OR', 'USA', 97201, 5432109876, 'Liam.Anderson@gmail.com', '2024-07-21'),
(57111, 'Olivia', 'Taylor', '1980-05-16', 'Nashville', 'TN', 'USA', 37201, 6543210987, 'Olivia.Taylor@gmail.com', '2024-07-24'),
(57112, 'Noah', 'Thomas', '1997-01-02', 'San Francisco', 'CA', 'USA', 94101, 7654321098, 'Noah.Thomas@gmail.com', '2024-07-27'),
(57113, 'Emma', 'Hernandez', '1983-06-29', 'New Orleans', 'LA', 'USA', 70112, 8765432109, 'Emma.Hernandez@gmail.com', '2024-07-30'),
(57114, 'William', 'Moore', '1992-12-14', 'Las Vegas', 'NV', 'USA', 89101, 9876543210, 'William.Moore@gmail.com', '2024-08-02'),
(57115, 'Mia', 'Lee', '1976-08-08', 'Miami', 'FL', 'USA', 33101, 1098765432, 'Mia.Lee@gmail.com', '2024-08-05'),
(57116, 'James', 'Clark', '1989-04-25', 'Boston', 'MA', 'USA', 02101, 2109876543, 'James.Clark@gmail.com', '2024-08-08'),
(57117, 'Harper', 'Lewis', '1995-02-11', 'Washington', 'DC', 'USA', 20001, 3210987654, 'Harper.Lewis@gmail.com', '2024-08-11'),
(57118, 'Benjamin', 'Robinson', '1979-10-28', 'Baltimore', 'MD', 'USA', 21201, 4321098765, 'Benjamin.Robinson@gmail.com', '2024-08-14'),
(57119, 'Avery', 'Walker', '1993-06-04', 'Philadelphia', 'PA', 'USA', 19101, 5432109876, 'Avery.Walker@gmail.com', '2024-08-17'),
(57120, 'Lucas', 'Hall', '1986-01-17', 'Phoenix', 'AZ', 'USA', 85001, 6543210987, 'Lucas.Hall@gmail.com', '2024-08-20'),
(57121, 'Scarlett', 'Young', '1990-07-31', 'San Antonio', 'TX', 'USA', 78201, 7654321098, 'Scarlett.Young@gmail.com', '2024-08-23'),
(57122, 'Mason', 'King', '1982-03-06', 'San Diego', 'CA', 'USA', 92101, 8765432109, 'Mason.King@gmail.com', '2024-08-26'),
(57123, 'Chloe', 'Wright', '1997-11-23', 'Dallas', 'TX', 'USA', 75201, 9876543210, 'Chloe.Wright@gmail.com', '2024-08-29'),
(57124, 'Elijah', 'Scott', '1975-05-10', 'San Jose', 'CA', 'USA', 95101, 1098765432, 'Elijah.Scott@gmail.com', '2024-09-01'),
(57125, 'Abigail', 'Baker', '1988-10-03', 'Jacksonville', 'FL', 'USA', 32201, 2109876543, 'Abigail.Baker@gmail.com', '2024-09-04'),
(57126, 'Jackson', 'Phillips', '1980-12-09', 'Milwaukee', 'WI', 'USA', 53201, 2345678901, 'Jackson.Phillips@gmail.com', '2024-09-04'),
(57127, 'Lily', 'Campbell', '1996-04-22', 'St. Louis', 'MO', 'USA', 63101, 3456789012, 'Lily.Campbell@gmail.com', '2024-09-07'),
(57128, 'Caleb', 'Parker', '1983-08-15', 'Minneapolis', 'MN', 'USA', 55401, 4567890123, 'Caleb.Parker@gmail.com', '2024-09-10'),
(57129, 'Aubrey', 'Evans', '1991-02-28', 'Kansas City', 'MO', 'USA', 64101, 5678901234, 'Aubrey.Evans@gmail.com', '2024-09-13'),
(57130, 'Elias', 'Edwards', '1978-06-05', 'Omaha', 'NE', 'USA', 68101, 6789012345, 'Elias.Edwards@gmail.com', '2024-09-16'),
(57131, 'Ellie', 'Collins', '1995-10-19', 'Charlotte', 'NC', 'USA', 28201, 7890123456, 'Ellie.Collins@gmail.com', '2024-09-19'),
(57132, 'Grayson', 'Stewart', '1984-03-12', 'Raleigh', 'NC', 'USA', 27601, 8901234567, 'Grayson.Stewart@gmail.com', '2024-09-22'),
(57133, 'Nora', 'Sanchez', '1992-04-01','Raleigh', 'NC', 'USA',28201,915547457890 , 'Nora@gmail.com' , '2024-04-29');

-- Category Table 

INSERT INTO Category (CategoryID, CategoryName, IsActive) VALUES
(5001, 'Cleaning & Household', 'Yes'),
(5002, 'Kitchen, Garden & Pets', 'Yes'),
(5003, 'Foodgrains, Oil & Masala', 'Yes'),
(5004, 'Gourmet & World Food', 'Yes'),
(5005, 'Baby Care', 'No'),
(5006, 'Snacks & Branded Foods', 'Yes'),
(5007, 'Bakery, Cakes & Dairy', 'Yes'),
(5008, 'Beauty & Hygiene', 'Yes'),
(5009, 'Beverages', 'Yes'),
(5010, 'Eggs, Meat & Fish', 'No'),
(5011, 'Fruits & Vegetables', 'Yes');

-- Product Table

INSERT INTO Products (ProductID, ProductName, CategoryID, SubCategory, Brand, SalePrice, MarketPrice, Type) VALUES
(1, 'Original Disinfectant Toilet Cleaner Liquid', 5001, 'All Purpose Cleaners', 'Harpic', 489, 534, 'Toilet Cleaners'),
(2, 'Surface Disinfectant Spray', 5001, 'All Purpose Cleaners', 'Savion', 257, 318, 'Disinfectant Spray & Cleaners'),
(3, 'Harpic Disinfectant Toilet Cleaner Original 200ml...', 5001, 'All Purpose Cleaners', 'bb Combo', 74, 76, 'Toilet Cleaners'),
(4, 'Harpic Toilet Cleaner Liquid - Original 1L + Lizol...', 5001, 'All Purpose Cleaners', 'bb Combo', 462, 558, 'Toilet Cleaners'),
(5, 'Disinfectant Bathroom Cleaner Liquid - Lemon', 5001, 'All Purpose Cleaners', 'Harpic', 299, 362, 'Toilet Cleaners'),
(6, 'Super Saver Pack Toilet Cleaner Original, 500ml...', 5001, 'All Purpose Cleaners', 'Harpic', 162, 184, 'Toilet Cleaners'),
(7, 'Original 1 ltr + Bathroom Cleaner Lemon 500 ml', 5001, 'All Purpose Cleaners', 'Harpic', 247, 273, 'Toilet Cleaners'),
(8, 'Disinfectant Toilet Cleaner Liquid 1L+Bathro...', 5001, 'All Purpose Cleaners', 'Harpic', 247, 273, 'Toilet Cleaners'),
(9, 'Harpic Bathroom Cleaner - Lemon 1L + Harpic T...', 5001, 'All Purpose Cleaners', 'Harpic', 318, 359, 'Toilet Cleaners'),
(10, 'All Purpose Cleaner - Pine Fresh', 5001, 'All Purpose Cleaners', 'Pine-O-Pine', 199, 249, 'All Purpose Cleaners'),
(11, 'Glass Cleaner - Streak Free', 5001, 'Glass Cleaners', 'Windex', 279, 349, 'Glass Cleaners'),
(12, 'Floor Cleaner - Lavender Scent', 5001, 'Floor Cleaners', 'Mr. Clean', 329, 399, 'Floor Cleaners'),
(13, 'Multi-Surface Cleaner - Citrus Burst', 5001, 'Multi-Surface Cleaners', 'Method', 419, 529, 'Multi-Surface Cleaners'),
(14, 'Toilet Bowl Cleaner - Ocean Breeze', 5001, 'Toilet Bowl Cleaners', 'Lysol', 239, 299, 'Toilet Bowl Cleaners'),
(15, 'Dish Soap - Lemon Fresh', 5002, 'Dishwashing Liquids', 'Dawn', 189, 239, 'Dish Soap'),
(16, 'Laundry Detergent - Mountain Fresh', 5001, 'Laundry Detergents', 'Tide', 549, 699, 'Laundry Detergent'),
(17, 'Fabric Softener - Spring Blossom', 5001, 'Fabric Softeners', 'Downy', 399, 499, 'Fabric Softener'),
(18, 'Room Freshener - Vanilla Bean', 5001, 'Air Fresheners', 'Febreze', 159, 199, 'Air Freshener'),
(19, 'Trash Bags - Drawstring', 5001, 'Trash Bags', 'Glad', 229, 289, 'Trash Bags'),
(20, 'Paper Towels - 2-Ply', 5001, 'Paper Products', 'Bounty', 179, 229, 'Paper Towels'),
(21, 'Toilet Paper - 2-Ply', 5001, 'Paper Products', 'Charmin', 349, 449, 'Toilet Paper'),
(22, 'Batteries - AA', 5001, 'Batteries', 'Duracell', 299, 379, 'Batteries'),
(23, 'Light Bulbs - LED', 5001, 'Light Bulbs', 'Cree', 149, 189, 'Light Bulbs'),
(24, 'Cleaning Supplies Kit', 5001, 'Cleaning Kits', 'Clorox', 499, 599, 'Cleaning Kit'),
(25, 'Gardening Gloves - Large', 5002, 'Gardening Tools', 'Garden Gear', 129, 159, 'Gardening Gloves'),
(26, 'Flower Seeds - Assorted', 5002, 'Gardening Supplies', 'Seed Co.', 49, 69, 'Flower Seeds'),
(27, 'Pet Food - Dog - Chicken Flavor', 5002, 'Pet Food', 'Purina', 299, 379, 'Dog Food'),
(28, 'Pet Toys - Cat - Mouse', 5002, 'Pet Toys', 'Feline Fun', 79, 99, 'Cat Toy'),
(29, 'Pet Bed - Small', 5002, 'Pet Beds', 'Cozy Critters', 199, 249, 'Pet Bed'),
(30, 'Kitchen Utensil Set - 12 Piece', 5002, 'Kitchen Utensils', 'Cookware Co.', 399, 499, 'Kitchen Utensil Set'),
(31, 'Cookware Set - 8 Piece', 5002, 'Cookware', 'Gourmet Cookware', 699, 899, 'Cookware Set'),
(32, 'Baking Sheet Set - 3 Piece', 5002, 'Bakeware', 'Bake It Easy', 249, 319, 'Baking Sheet Set'),
(33, 'Dinnerware Set - 4 Place Settings', 5002, 'Dinnerware', 'Tabletop Treasures', 449, 599, 'Dinnerware Set'),
(34, 'Glassware Set - 4 Piece', 5002, 'Glassware', 'Crystal Clear', 199, 249, 'Glassware Set'),
(35, 'Flatware Set - 4 Place Settings', 5002, 'Flatware', 'Silverware Select', 299, 399, 'Flatware Set'),
(36, 'Coffee Maker - Drip', 5002, 'Small Appliances', 'Brewtiful', 299, 399, 'Coffee Maker'),
(37, 'Blender - Smoothie', 5002, 'Small Appliances', 'Blend It', 199, 249, 'Blender'),
(38, 'Toaster - 2 Slice', 5002, 'Small Appliances', 'Toastmaster', 149, 199, 'Toaster'),
(39, 'Food Processor - 10 Cup', 5002, 'Small Appliances', 'Chop It', 349, 449, 'Food Processor'),
(40, 'Mixer - Stand', 5002, 'Small Appliances', 'Mix It Up', 299, 399, 'Mixer'),
(41, 'Knife Set - 15 Piece', 5002, 'Cutlery', 'Sharp & Ready', 249, 319, 'Knife Set'),
(42, 'Cutting Board Set - 3 Piece', 5002, 'Kitchen Accessories', 'Slice & Dice', 129, 159, 'Cutting Board Set'),
(43, 'Measuring Cup Set - 4 Piece', 5002, 'Kitchen Accessories', 'Measure Up', 99, 129, 'Measuring Cup Set'),
(44, 'Mixing Bowl Set - 3 Piece', 5009 , 'Beverages' , 'Cold Drink' , 124 , 198 , 'Soft Drink'),

(45, 'Oatmeal - Quick Cook', 5003, 'Grains', 'Quaker Oats', 79, 99, 'Oatmeal'),
(46, 'Rice - Basmati', 5003, 'Grains', 'India Gate', 149, 199, 'Rice'),
(47, 'Pasta - Spaghetti', 5003, 'Grains', 'Barilla', 99, 129, 'Pasta'),
(48, 'Flour - All Purpose', 5003, 'Baking Supplies', 'Gold Medal', 119, 159, 'Flour'),
(49, 'Sugar - Granulated', 5003, 'Baking Supplies', 'Domino', 89, 119, 'Sugar'),
(50, 'Cooking Oil - Vegetable', 5003, 'Cooking Oils', 'Crisco', 139, 179, 'Cooking Oil'),
(51, 'Olive Oil - Extra Virgin', 5003, 'Cooking Oils', 'Pompeian', 299, 399, 'Olive Oil'),
(52, 'Spices - Turmeric Powder', 5003, 'Spices', 'McCormick', 49, 69, 'Turmeric Powder'),
(53, 'Chili Powder - Mild', 5003, 'Spices', 'Simply Organic', 59, 79, 'Chili Powder'),
(54, 'Masala - Garam Masala', 5003, 'Masalas', 'MDH', 79, 99, 'Garam Masala'),
(55, 'Coffee - Ground', 5009, 'Coffee', 'Folgers', 199, 249, 'Coffee'),
(56, 'Tea - Black Tea Bags', 5009, 'Tea', 'Lipton', 129, 169, 'Tea'),
(57, 'Juice - Orange Juice', 5009, 'Juices', 'Tropicana', 249, 319, 'Orange Juice'),
(58, 'Soda - Cola', 5009, 'Sodas', 'Coca-Cola', 179, 229, 'Cola'),
(59, 'Water - Bottled Water', 5009, 'Water', 'Aquafina', 99, 129, 'Bottled Water'),
(60, 'Milk - Whole Milk', 5007, 'Dairy', 'Horizon Organic', 299, 399, 'Milk'),
(61, 'Yogurt - Strawberry', 5007, 'Dairy', 'Dannon', 149, 199, 'Yogurt'),
(62, 'Cheese - Cheddar', 5007, 'Dairy', 'Kraft', 229, 299, 'Cheese'),
(63, 'Eggs - Large', 5010, 'Eggs', 'Organic Valley', 199, 249, 'Eggs'),
(64, 'Meat - Chicken Breast', 5010, 'Meat', 'Perdue', 349, 449, 'Chicken Breast'),
(65, 'Fish - Salmon', 5010, 'Fish', 'Alaska Seafood', 499, 699, 'Salmon'),
(66, 'Apple - Gala', 5011, 'Fruits', 'Washington Apples', 49, 69, 'Apple'),
(67, 'Banana - Cavendish', 5011, 'Fruits', 'Chiquita', 29, 39, 'Banana'),
(68, 'Orange - Valencia', 5011, 'Fruits', 'Florida Oranges', 59, 79, 'Orange'),
(69, 'Broccoli - Bunch', 5011, 'Vegetables', 'California Grown', 79, 99, 'Broccoli'),
(70, 'Carrot - Bag', 5011, 'Vegetables', 'Grimmway Farms', 69, 89, 'Carrot'),
(71, 'Potato - Russet', 5011, 'Vegetables', 'Idaho Potatoes', 99, 129, 'Potato'),
(72, 'Bread - Sliced White', 5007, 'Bakery', 'Wonder Bread', 129, 169, 'Bread'),
(73, 'Cake - Chocolate Cake Mix', 5007, 'Bakery', 'Betty Crocker', 199, 249, 'Cake Mix'),
(74, 'Cookies - Chocolate Chip', 5007, 'Bakery', 'Chips Ahoy!', 149, 199, 'Cookies'),
(75, 'Shampoo - Volumizing', 5008, 'Hair Care', 'Pantene', 249, 319, 'Shampoo'),
(76, 'Conditioner - Moisturizing', 5008, 'Hair Care', 'Dove', 229, 299, 'Conditioner'),
(77, 'Soap - Bar Soap', 5008, 'Bath & Body', 'Dial', 99, 129, 'Soap'),
(78, 'Lotion - Body Lotion', 5008, 'Bath & Body', 'Aveeno', 179, 229, 'Lotion'),
(79, 'Toothpaste - Whitening', 5008, 'Oral Care', 'Crest', 149, 199, 'Toothpaste'),
(80, 'Toothbrush - Soft Bristle', 5008, 'Oral Care', 'Oral-B', 79, 99, 'Toothbrush'),
(81, 'Diapers - Size 1', 5005, 'Baby Care', 'Huggies', 299, 399, 'Diapers'),
(82, 'Wipes - Baby Wipes', 5005, 'Baby Care', 'Pampers', 149, 199, 'Baby Wipes'),
(83, 'Formula - Infant Formula', 5005, 'Baby Care', 'Similac', 249, 319, 'Formula'),
(84, 'Baby Food - Stage 1', 5005, 'Baby Care', 'Gerber', 99, 129, 'Baby Food'),
(85, 'Baby Bottle - 4 oz', 5005, 'Baby Care', 'Dr. Brown\'s', 119, 159, 'Baby Bottle'),
(86, 'Snack - Potato Chips', 5006, 'Snacks', 'Lay\'s', 129, 169, 'Potato Chips'),
(87, 'Candy - Chocolate Bar', 5006, 'Candy', 'Hershey\'s', 79, 99, 'Chocolate Bar'),
(88, 'Cookies - Oreo', 5006, 'Cookies', 'Nabisco', 159, 199, 'Oreo Cookies'),
(89, 'Crackers - Saltines', 5006, 'Crackers', 'Nabisco', 119, 149, 'Saltines'),
(90, 'Nuts - Peanuts', 5006, 'Nuts & Seeds', 'Planters', 179, 229, 'Peanuts'),
(91, 'Cereal - Cheerios', 5006, 'Cereal', 'General Mills', 199, 249, 'Cheerios'),
(92, 'Granola Bar - Chocolate Chip', 5006, 'Snacks', 'Nature Valley', 149, 199, 'Granola Bar'),
(93, 'Popcorn - Microwave', 5006, 'Snacks', 'Orville Redenbacher\'s', 99, 129, 'Popcorn'),
(94, 'Pretzels - Rods', 5006, 'Snacks', 'Rold Gold', 139, 179, 'Pretzels'),
(95, 'Chips - Tortilla Chips', 5006, 'Snacks', 'Tostitos', 169, 219, 'Tortilla Chips'),
(96, 'Salsa - Mild', 5010, 'Eggs, Meat & Fish', 'Meat', 280, 400, 'Beaf');

-- Shippers Table

INSERT INTO Shippers (ShipperID, CompanyName, Phone) VALUES
(1, 'Blue Dart', '9273377892'),
(2, 'DTDC', '9814107260'),
(3, 'Lufthansa Cargo', '9356212514'),
(4, 'Fed Ex', '7422454116'),
(5, 'Delhivery', '8922763991'),
(6, 'COSCO-China Ocean Shipping Company', '8219297421'),
(7, 'Hapag-Lloyd', '7891857833'),
(8, 'ONE-Ocean Network Express', '7400327522'),
(9, 'Evergreen Line', '8021928034');


-- Suppliers Table

INSERT INTO Suppliers (SupplierID, CompanyName, City, State, PostalCode, Country, Phone, Email) VALUES
(1, 'Sunshine Electronics Pvt. Ltd.', 'Fremont', 'California', '841726', 'USA', '8796300412', 'contactus@sunelec.com'),
(2, 'Tasha Apparel', 'Abu Dhabi', 'Abu Dhabi', '683008', 'UAE', '8773744676', 'customercare@tashaapparel.com'),
(3, 'Alpha Imports', 'Austin', 'Texas', '889037', 'USA', '9872259654', 'customers@alphaimports.com'),
(4, 'GreenDroShip', 'Bangalore', 'Karnataka', '416556', 'India', '8245273210', 'gogreen@greendrop.co.in'),
(5, 'Megagoods', 'Kolkata', 'West Bengal', '119658', 'India', '8568274416', 'gobig@megagoods.co.in'),
(6, 'ASI Partners', 'New York City', 'New York', '865066', 'USA', '9363378404', 'contactus@asi.com'),

-- Variations based on existing data (Electronics)
(7, 'Global Electronics Inc.', 'San Jose', 'California', '95110', 'USA', '4085551212', 'sales@globalelec.com'),
(8, 'Techtronic Solutions', 'San Francisco', 'California', '94105', 'USA', '4157779876', 'info@techtronics.com'),
(9, 'Precision Components', 'San Diego', 'California', '92101', 'USA', '6192225555', 'orders@precisioncomp.com'),

-- Variations based on existing data (Apparel)
(10, 'Fashion Forward', 'Dubai', 'Dubai', '789012', 'UAE', '971501234567', 'fashion@forward.ae'),
(11, 'Trendy Threads', 'Sharjah', 'Sharjah', '345678', 'UAE', '971529876543', 'trendy@threads.ae'),
(12, 'Style Hub', 'Ajman', 'Ajman', '901234', 'UAE', '971555555555', 'style@hub.ae'),

-- Variations based on existing data (General Imports)
(13, 'International Traders', 'Chicago', 'Illinois', '60601', 'USA', '3128881234', 'trading@intl.com'),
(14, 'United Imports', 'Los Angeles', 'California', '90001', 'USA', '2139994567', 'imports@united.com'),
(15, 'Continental Commerce', 'Houston', 'Texas', '77001', 'USA', '7135557890', 'commerce@continental.com'),

-- Variations based on existing data (Dropshipping)
(16, 'Rapid Drop', 'Mumbai', 'Maharashtra', '400001', 'India', '919876543210', 'info@rapiddrop.in'),
(17, 'Quick Ship', 'Delhi', 'Delhi', '110001', 'India', '919999999999', 'sales@quickship.in'),
(18, 'Direct Dispatch', 'Chennai', 'Tamil Nadu', '600001', 'India', '918888888888', 'dispatch@direct.in'),

-- Variations based on existing data (Wholesale)
(19, 'Bulk Buys', 'Bangalore', 'Karnataka', '560001', 'India', '917777777777', 'bulk@buys.in'),
(20, 'Mega Distributors', 'Hyderabad', 'Telangana', '500001', 'India', '916666666666', 'mega@distributors.in'),
(21, 'Prime Wholesale', 'Ahmedabad', 'Gujarat', '380001', 'India', '915555555555', 'prime@wholesale.in'),

-- Variations based on existing data (Partners)
(22, 'Allied Partners', 'Seattle', 'Washington', '98101', 'USA', '2061112222', 'info@alliedpartners.com'),
(23, 'Global Alliance', 'London', 'England', 'SW1A 2AA', 'UK', '+442079460000', 'contact@globalalliance.com'),
(24, 'United Network', 'Tokyo', 'Tokyo', '100-0001', 'Japan', '+81332128211', 'info@unitednetwork.com'),

-- More generic suppliers (Electronics)
(25, 'Apex Electronics', 'Dallas', 'Texas', '75201', 'USA', '2141234567', 'sales@apexel.com'),
(26, 'Quantum Technologies', 'Chicago', 'Illinois', '60601', 'USA', '3129876543', 'info@quantumtech.com'),
(27, 'Nova Electronics', 'Atlanta', 'Georgia', '30301', 'USA', '4045551212', 'contact@novaelec.com'),

-- More generic suppliers (Apparel)
(28, 'Style World', 'New York City', 'New York', '10001', 'USA', '2125557890', 'fashion@styleworld.com'),
(29, 'Trendy Fashions', 'Los Angeles', 'California', '90001', 'USA', '2131234567', 'trendy@fashions.com'),
(30, 'Urban Outfitters', 'San Francisco', 'California', '94105', 'USA', '4159876543', 'urban@outfitters.com'),

-- More generic suppliers (Imports)
(31, 'World Trade Imports', 'Miami', 'Florida', '33101', 'USA', '3051234567', 'import@worldtrade.com'),
(32, 'Global Sourcing', 'Seattle', 'Washington', '98101', 'USA', '2069876543', 'sourcing@global.com'),
(33, 'International Goods', 'New Orleans', 'Louisiana', '70112', 'USA', '5041234567', 'goods@intl.com'),

-- More generic suppliers (Dropshipping)
(34, 'Easy Drop', 'Bangalore', 'Karnataka', '560001', 'India', '919999999999', 'easy@drop.in'),
(35, 'Swift Ship', 'Hyderabad', 'Telangana', '500001', 'India', '918888888888', 'swift@ship.in'),
(36, 'Reliable Dispatch', 'Chennai', 'Tamil Nadu', '600001', 'India', '917777777777', 'reliable@dispatch.in'),

-- More generic suppliers (Wholesale)
(37, 'Bulk Deals', 'Ahmedabad', 'Gujarat', '380001', 'India', '916666666666', 'deals@bulk.in'),
(38, 'Mega Wholesalers', 'Kolkata', 'West Bengal', '700001', 'India', '915555555555', 'mega@wholesalers.in'),
(39, 'Prime Distributors', 'Pune', 'Maharashtra', '411001', 'India', '9751463879' , 'primeDis@distributor.com'),

(40, 'Grand Merchandise', 'Jaipur', 'Rajasthan', '302001', 'India', '914444444444', 'grand@merchandise.in'),

-- More generic suppliers (Partners)
(41, 'Synergy Group', 'Chicago', 'Illinois', '60601', 'USA', '3124445555', 'synergy@group.com'),
(42, 'Nexus Corp', 'New York City', 'New York', '10001', 'USA', '2127778888', 'nexus@corp.com'),
(43, 'United Ventures', 'San Francisco', 'California', '94105', 'USA', '4151112222', 'ventures@united.com'),

-- Suppliers from other countries (Electronics)
(44, 'ElectroWorld', 'Berlin', 'Berlin', '10115', 'Germany', '+493012345678', 'electro@world.de'),
(45, 'Technika', 'Paris', 'Île-de-France', '75001', 'France', '+33145678901', 'technika@france.fr'),
(46, 'Digital Solutions', 'London', 'England', 'SW1A 2AA', 'UK', '+442071234567', 'digital@solutions.uk'),

-- Suppliers from other countries (Apparel)
(47, 'Moda Italia', 'Milan', 'Lombardy', '20121', 'Italy', '+390212345678', 'moda@italia.it'),
(48, 'Fashionista', 'Madrid', 'Madrid', '28001', 'Spain', '+34911234567', 'fashionista@spain.es'),
(49, 'Style Tokyo', 'Tokyo', 'Tokyo', '100-0001', 'Japan', '+81312345678', 'style@tokyo.jp'),

-- Suppliers from other countries (General)
(50, 'Global Goods', 'Toronto', 'Ontario', 'M5V 2T6', 'Canada', '+14161234567', 'goods@global.ca'),


(51, 'Zenith Innovations', 'Boston', 'Massachusetts', '02110', 'USA', '6175551212', 'info@zenithinnovations.com'),
(52, 'Summit Trading Co.', 'Denver', 'Colorado', '80202', 'USA', '3037779876', 'sales@summittrading.com'),
(53, 'Vanguard Distributors', 'Portland', 'Oregon', '97201', 'USA', '5032225555', 'orders@vanguarddist.com'),
(54, 'Horizon Imports', 'Phoenix', 'Arizona', '85001', 'USA', '6029994567', 'imports@horizon.com'),
(55, 'Global Commerce', 'St. Louis', 'Missouri', '63101', 'USA', '3145557890', 'commerce@global.com'),
(56, 'Apex Dropshipping', 'San Antonio', 'Texas', '78201', 'USA', '2101234567', 'drop@apexdrop.com'),
(57, 'Rapid Wholesale', 'Minneapolis', 'Minnesota', '55401', 'USA', '6129876543', 'wholesale@rapid.com'),
(58, 'Prime Partners', 'Tampa', 'Florida', '33602', 'USA', '8135551212', 'partners@prime.com'),
(59, 'Elite Distributors', 'Orlando', 'Florida', '32801', 'USA', '4077779876', 'distributors@elite.com'),
(60, 'Superior Imports', 'Charlotte', 'North Carolina', '28202', 'USA', '7042225555', 'imports@superior.com'),
(61, 'United Dropshipping', 'Raleigh', 'North Carolina', '27601', 'USA', '9199994567', 'drop@united.com'),
(62, 'Continental Wholesale', 'Nashville', 'Tennessee', '37201', 'USA', '6155557890', 'wholesale@continental.com'),
(63, 'Dynamic Partners', 'Milwaukee', 'Wisconsin', '53201', 'USA', '4141234567', 'partners@dynamic.com'),
(64, 'Innovative Imports', 'Jacksonville', 'Florida', '32202', 'USA', '9049876543', 'imports@innovative.com'),
(65, 'Reliable Dropshipping', 'Oklahoma City', 'Oklahoma', '73102', 'USA', '4055551212', 'drop@reliable.com'),
(66, 'Premier Wholesale', 'Memphis', 'Tennessee', '38103', 'USA', '9017779876', 'wholesale@premier.com'),
(67, 'Global Partners', 'Richmond', 'Virginia', '23219', 'USA', '8042225555', 'partners@global.com'),
(68, 'Superior Dropshipping', 'Louisville', 'Kentucky', '40202', 'USA', '5029994567', 'drop@superior.com'),
(69, 'United Wholesale', 'Hartford', 'Connecticut', '06103', 'USA', '8605557890', 'wholesale@united.com'),
(70, 'Creative Partners', 'Providence', 'Rhode Island', '02903', 'USA', '4011234567', 'partners@creative.com'),
(71, 'Efficient Imports', 'Albany', 'New York', '12207', 'USA', '5189876543', 'imports@efficient.com'),
(72, 'Reliable Dropshipping', 'Rochester', 'New York', '14607', 'USA', '7165551212', 'drop@reliable.com'),
(73, 'Premier Wholesale', 'Buffalo', 'New York', '14202', 'USA', '7167779876', 'wholesale@premier.com'),
(74, 'Global Partners', 'Syracuse', 'New York', '13202', 'USA', '3152225555', 'partners@global.com'),
(75, 'Superior Dropshipping', 'Cincinnati', 'Ohio', '45202', 'USA', '5139994567', 'drop@superior.com'),
(76, 'United Wholesale', 'Cleveland', 'Ohio', '44113', 'USA', '2165557890', 'wholesale@united.com'),
(77, 'Dynamic Partners', 'Columbus', 'Ohio', '43215', 'USA', '6141234567', 'partners@dynamic.com'),
(78, 'Innovative Imports', 'Indianapolis', 'Indiana', '46204', 'USA', '3179876543', 'imports@innovative.com'),
(79, 'Reliable Dropshipping', 'Fort Wayne', 'Indiana', '46802', 'USA', '2605551212', 'drop@reliable.com'),
(80, 'Premier Wholesale', 'Evansville', 'Indiana', '47708', 'USA', '8127779876', 'wholesale@premier.com'),
(81, 'Global Partners', 'Des Moines', 'Iowa', '50309', 'USA', '5152225555', 'partners@global.com'),
(82, 'Superior Dropshipping', 'Cedar Rapids', 'Iowa', '52402', 'USA', '3199994567', 'drop@superior.com'),
(83, 'United Wholesale', 'Davenport', 'Iowa', '52801', 'USA', '5635557890', 'wholesale@united.com'),
(84, 'Creative Partners', 'Wichita', 'Kansas', '67202', 'USA', '3161234567', 'partners@creative.com'),
(85, 'Efficient Imports', 'Overland Park', 'Kansas', '66212', 'USA', '9139876543', 'imports@efficient.com'),
(86, 'Reliable Dropshipping', 'Topeka', 'Kansas', '66603', 'USA', '7855551212', 'drop@reliable.com'),
(87, 'Premier Wholesale', 'Lexington', 'Kentucky', '40502', 'USA', '8597779876', 'wholesale@premier.com'),
(88, 'Global Partners', 'Louisville', 'Kentucky', '40202', 'USA', '5022225555', 'partners@global.com'),
(89, 'Superior Dropshipping', 'Baton Rouge', 'Louisiana', '70802', 'USA', '2259994567', 'drop@superior.com'),
(90, 'United Wholesale', 'New Orleans', 'Louisiana', '70112', 'USA', '5045557890', 'wholesale@united.com'),
(91, 'Dynamic Partners', 'Shreveport', 'Louisiana', '71101', 'USA', '3181234567', 'partners@dynamic.com'),
(92, 'Innovative Imports', 'Portland', 'Maine', '04101', 'USA', '2079876543', 'imports@innovative.com'),
(93, 'Reliable Dropshipping', 'Augusta', 'Maine', '04330', 'USA', '2075551212', 'drop@reliable.com'),
(94, 'Premier Wholesale', 'Bangor', 'Maine', '04401', 'USA', '2077779876', 'wholesale@premier.com');

-- Payments Table

INSERT INTO Payments (PaymentID, PaymentType, IsAllowed) VALUES
(1, 'Debit Card', 'Yes'),
(2, 'POD', 'Yes'),
(3, 'PayPal', 'Yes'),
(4, 'Credit Card', 'Yes'),
(5, 'Wallet', 'Yes'),
(6, 'Net banking', 'Yes'),
(7, 'PayLater', 'No'),
(8, 'FoodCard', 'No');

-- Orders Table
select * from orders;
INSERT INTO Orders (OrderID, CustomerID, PaymentID, OrderDate, ShipperID, ShipDate, DeliveryDate, TotalAmount) VALUES
(7655500, 57083, 2, '2020-01-12', 7, '2020-01-13', '2020-01-19', 25112),
(7655501, 57086, 3, '2020-01-20', 2, '2020-01-24', '2020-01-27', 22453),
(7655502, 57086, 4, '2020-02-06', 7, '2020-02-11', '2020-02-21', 13293),
(7655503, 57088, 4, '2020-02-09', 1, '2020-02-13', '2020-02-26', 16063),
(7655504, 57090, 4, '2020-02-11', 3, '2020-02-15', '2020-02-20', 15193),
(7655505, 57094, 4, '2020-02-15', 1, '2020-02-24', '2020-02-27', 13581),
(7655506, 57092, 4, '2020-02-20', 8, '2020-02-23', '2020-02-27', 74120),
(7655507, 57095, 6, '2020-02-23', 8, '2020-03-04', '2020-03-11', 12092),
(7655508, 57105, 4, '2020-02-26', 5, '2020-02-28', '2020-03-08', 48258),

-- Generate more orders with variations
(7655509, 57081, 1, '2020-03-01', 3, '2020-03-05', '2020-03-10', 32500),
(7655510, 57100, 2, '2020-03-05', 7, '2020-03-08', '2020-03-15', 18700),
(7655511, 57098, 3, '2020-03-10', 2, '2020-03-12', '2020-03-18', 45300),
(7655512, 57091, 4, '2020-03-15', 1, '2020-03-18', '2020-03-22', 21900),
(7655513, 57085, 5, '2020-03-20', 8, '2020-03-22', '2020-03-28', 38600),
(7655514, 57102, 6, '2020-03-25', 5, '2020-03-28', '2020-04-02', 15400),
(7655515, 57089, 1, '2020-03-30', 3, '2020-04-02', '2020-04-07', 27800),
(7655516, 57096, 2, '2020-04-03', 7, '2020-04-06', '2020-04-12', 41200),
(7655517, 57104, 3, '2020-04-07', 2, '2020-04-10', '2020-04-16', 19500),
(7655518, 57082, 4, '2020-04-12', 1, '2020-04-15', '2020-04-20', 33900),
(7655519, 57093, 5, '2020-04-17', 8, '2020-04-20', '2020-04-26', 26700),
(7655520, 57099, 6, '2020-04-22', 5, '2020-04-25', '2020-05-01', 14800),
(7655521, 57101, 1, '2020-04-27', 3, '2020-04-30', '2020-05-05', 39100),
(7655522, 57087, 2, '2020-05-01', 7, '2020-05-04', '2020-05-10', 22600),
(7655523, 57097, 3, '2020-05-06', 2, '2020-05-09', '2020-05-15', 47200),
(7655524, 57103, 4, '2020-05-11', 1, '2020-05-14', '2020-05-19', 17300),
(7655525, 57084, 5, '2020-05-16', 8, '2020-05-19', '2020-05-25', 31400),
(7655526, 57090, 6, '2020-05-21', 5, '2020-05-24', '2020-05-30', 25900),
(7655527, 57094, 1, '2020-05-26', 3, '2020-05-27', '2020-06-04', 48000),


(7655528, 57106, 2, '2020-05-31', 7, '2020-06-03', '2020-06-08', 36700),
(7655529, 57081, 3, '2020-06-05', 2, '2020-06-08', '2020-06-14', 29300),
(7655530, 57100, 4, '2020-06-10', 1, '2020-06-12', '2020-06-18', 42800),
(7655531, 57098, 5, '2020-06-15', 8, '2020-06-18', '2020-06-23', 18900),
(7655532, 57091, 6, '2020-06-20', 5, '2020-06-22', '2020-06-29', 35600),
(7655533, 57085, 1, '2020-06-25', 3, '2020-06-28', '2020-07-03', 21400),
(7655534, 57102, 2, '2020-06-30', 7, '2020-07-02', '2020-07-08', 40100),
(7655535, 57089, 3, '2020-07-05', 2, '2020-07-08', '2020-07-13', 27600),
(7655536, 57096, 4, '2020-07-10', 1, '2020-07-13', '2020-07-19', 16200),
(7655537, 57104, 5, '2020-07-15', 8, '2020-07-17', '2020-07-24', 33200),
(7655538, 57082, 6, '2020-07-20', 5, '2020-07-23', '2020-07-29', 20800),
(7655539, 57093, 1, '2020-07-25', 3, '2020-07-28', '2020-08-02', 46500),
(7655540, 57099, 2, '2020-07-30', 7, '2020-08-01', '2020-08-07', 19100),
(7655541, 57101, 3, '2020-08-04', 2, '2020-08-07', '2020-08-12', 31700),
(7655542, 57087, 4, '2020-08-09', 1, '2020-08-11', '2020-08-18', 24300),
(7655543, 57097, 5, '2020-08-14', 8, '2020-08-17', '2020-08-23', 43900),
(7655544, 57103, 6, '2020-08-19', 5, '2020-08-21', '2020-08-28', 16800),
(7655545, 57084, 1, '2020-08-24', 3, '2020-08-27', '2020-09-01', 38200),
(7655546, 57090, 2, '2020-08-29', 7, '2020-09-01', '2020-09-07', 23500),
(7655547, 57094, 3, '2020-09-02', 2, '2020-09-05', '2020-09-11', 45100),
(7655548, 57105, 4, '2020-09-07', 1, '2020-09-10', '2020-09-16', 17900),
(7655549, 57106, 5, '2020-09-12', 8, '2020-09-15', '2020-09-21', 30600),
(7655550, 57081, 6, '2020-09-17', 5, '2020-09-20', '2020-09-26', 28400),
(7655551, 57100, 1, '2020-09-22', 3, '2020-09-25', '2020-10-01', 41700),
(7655552, 57098, 2, '2020-09-27', 7, '2020-09-30', '2020-10-06', 15300),
(7655553, 57091, 3, '2020-10-02', 2, '2020-10-05', '2020-10-11', 37800),
(7655554, 57085, 4, '2020-10-07', 1, '2020-10-10', '2020-10-16', 20100),
(7655555, 57102, 5, '2020-10-12', 8, '2020-10-15', '2020-10-21', 44500),
(7655556, 57089, 6, '2020-10-17', 5, '2020-10-20', '2020-10-26', 18600),
(7655557, 57096, 1, '2020-10-22', 3, '2020-10-25', '2020-10-31', 32900),
(7655558, 57104, 2, '2020-10-27', 7, '2020-10-30', '2020-11-05', 25200),


(7655559, 57092, 3, '2020-11-01', 2, '2020-11-04', '2020-11-10', 35150),
(7655560, 57095, 4, '2020-11-06', 1, '2020-11-09', '2020-11-15', 21780),
(7655561, 57105, 5, '2020-11-11', 8, '2020-11-14', '2020-11-20', 49320),
(7655562, 57106, 6, '2020-11-16', 5, '2020-11-19', '2020-11-25', 18460),
(7655563, 57081, 1, '2020-11-21', 3, '2020-11-24', '2020-11-30', 33890),
(7655564, 57100, 2, '2020-11-26', 7, '2020-11-29', '2020-12-05', 26520),
(7655565, 57098, 3, '2020-12-01', 2, '2020-12-04', '2020-12-10', 47910),
(7655566, 57091, 4, '2020-12-06', 1, '2020-12-09', '2020-12-15', 19630),
(7655567, 57085, 5, '2020-12-11', 8, '2020-12-14', '2020-12-20', 31270),
(7655568, 57102, 6, '2020-12-16', 5, '2020-12-19', '2020-12-25', 24850),
(7655569, 57089, 1, '2020-12-21', 3, '2020-12-24', '2020-12-30', 40520),
(7655570, 57096, 2, '2020-12-26', 7, '2020-12-29', '2021-01-04', 17390),
(7655571, 57104, 3, '2021-01-01', 2, '2021-01-04', '2021-01-10', 36980),
(7655572, 57082, 4, '2021-01-06', 1, '2021-01-09', '2021-01-15', 22140),
(7655573, 57093, 5, '2021-01-11', 8, '2021-01-14', '2021-01-20', 45710),
(7655574, 57099, 6, '2021-01-16', 5, '2021-01-19', '2021-01-25', 19870),
(7655575, 57101, 1, '2021-01-21', 3, '2021-01-24', '2021-01-30', 34230),
(7655576, 57087, 2, '2021-01-26', 7, '2021-01-29', '2021-02-04', 27560),
(7655577, 57097, 3, '2021-02-01', 2, '2021-02-04', '2021-02-10', 48120),
(7655578, 57103, 4, '2021-02-06', 1, '2021-02-09', '2021-02-15', 16940),
(7655579, 57084, 5, '2021-02-11', 8, '2021-02-14', '2021-02-20', 30780),
(7655580, 57090, 6, '2021-02-16', 5, '2021-02-19', '2021-02-25', 23910),
(7655581, 57094, 1, '2021-02-21', 3, '2021-02-24', '2021-03-02', 42650),
(7655582, 57105, 2, '2021-02-26', 7, '2021-02-28', '2021-03-07', 18230),
(7655583, 57106, 3, '2021-03-03', 2, '2021-03-06', '2021-03-12', 39510),
(7655584, 57081, 4, '2021-03-08', 1, '2021-03-11', '2021-03-17', 25170),
(7655585, 57100, 5, '2021-03-13', 8, '2021-03-16', '2021-03-22', 46830),
(7655586, 57098, 6, '2021-03-18', 5, '2021-03-21', '2021-03-27', 17690),
(7655587, 57091, 1, '2021-03-23', 3, '2021-03-26', '2021-04-01', 33420),
(7655588, 57085, 2, '2021-03-28', 7, '2021-03-31', '2021-04-06', 28950),
(7655589, 57102, 3, '2021-04-02', 2, '2021-04-05', '2021-04-11', 41280);

-- OrderDetails Table

INSERT INTO OrderDetails (OrderDetailID, OrderID, ProductID, Quantity, SupplierID) VALUES
(1, 7655500, 1, 2, 3),
(2, 7655500, 2, 4, 2),
(3, 7655500, 3, 18, 1),
(4, 7655500, 4, 9, 4),
(5, 7655500, 5, 1, 5),
(6, 7655500, 6, 2, 6),
(7, 7655500, 7, 17, 7),
(8, 7655500, 8, 14, 8),
(9, 7655501, 9, 14,9),

-- Variations of existing orders with different products/quantities
(10, 7655501, 10, 5, 10),
(11, 7655501, 11, 10, 11),
(12, 7655502, 12, 3, 12),
(13, 7655502, 13, 2, 13),
(14, 7655503, 14, 12, 14),
(15, 7655503, 15, 7, 15),
(16, 7655504, 16, 8, 16),
(17, 7655504, 17, 15, 17),
(18, 7655505, 18, 6, 18),

-- New order details with different order IDs (make sure these IDs exist!)
(19, 7655506, 19, 1, 3),
(20, 7655506, 20, 6, 2),
(21, 7655507, 21, 11, 2),
(22, 7655507, 22, 4, 4),
(23, 7655508, 23, 9, 3),
(24, 7655508, 24, 3, 4),
(25, 7655509, 25, 16, 4),
(26, 7655509, 26, 13, 1),
(27, 7655510, 27, 7, 3),
(28, 7655510, 28, 2, 2),

-- More variations (mix of existing and new data)
(29, 7655511, 29, 5, 2),
(30, 7655511, 30, 10, 3),
(31, 7655512, 31, 12, 4),
(32, 7655512, 32, 8, 4),
(33, 7655513, 33, 14, 1),
(34, 7655513, 34, 3, 3),
(35, 7655514, 35, 9, 2),
(36, 7655514, 36, 1, 2),
(37, 7655515, 37, 6, 4),
(38, 7655515, 38, 15, 3),
(39, 7655516, 39, 2, 4),
(40, 7655516, 40, 7, 4),
(41, 7655517, 41, 11, 1),
(42, 7655517, 42, 4, 3),
(43, 7655518, 43, 10, 2),
(44, 7655518, 44, 8, 2),
(45, 7655519, 45, 13, 4),
(46, 7655519, 46, 1, 3),
(47, 7655520, 47, 5, 4),
(48, 7655520, 48, 12, 4),
(49, 7655521, 49, 16, 1),
(50, 7655521, 50, 9, 3),
(51, 7655522, 51, 7, 3),
(52, 7655522, 52, 2, 2),
(53, 7655523, 53, 12, 4),
(54, 7655523, 54, 5, 1),
(55, 7655524, 55, 15, 3),
(56, 7655524, 56, 8, 2),
(57, 7655525, 57, 3, 4),
(58, 7655525, 58, 11, 3),
(59, 7655526, 59, 6, 2),
(60, 7655526, 60, 14, 1),
(61, 7655527, 61, 9, 3),
(62, 7655527, 62, 17, 4),
(63, 7655528, 63, 2, 2),
(64, 7655528, 64, 7, 3),
(65, 7655529, 65, 10, 4),
(66, 7655529, 66, 12, 1),
(67, 7655530, 67, 18, 3),
(68, 7655530, 68, 4, 2),
(69, 7655531, 69, 5, 4),
(70, 7655531, 70, 16, 1),
(71, 7655532, 71, 9, 3),
(72, 7655532, 1, 11, 2),
(73, 7655533, 2, 2, 4),
(74, 7655533, 3, 7, 3),
(75, 7655534, 4, 14, 1),
(76, 7655534, 5, 8, 2),
(77, 7655535, 6, 17, 3),
(78, 7655535, 7, 5, 4),
(79, 7655536, 8, 10, 2),
(80, 7655536, 9, 12, 1),
(81, 7655537, 10, 18, 3),
(82, 7655537, 11, 4, 2),
(83, 7655538, 12, 6, 4),
(84, 7655538, 13, 16, 1),
(85, 7655539, 14, 9, 3),
(86, 7655539, 15, 11, 2),
(87, 7655540, 16, 2, 4),
(88, 7655540, 17, 7, 3),
(89, 7655541, 18, 14, 1),
(90, 7655541, 19, 8, 2),
(91, 7655542, 20, 17, 3),
(92, 7655542, 21, 5, 4),
(93, 7655543, 22, 10, 2),
(94, 7655543, 23, 12, 1),
(95, 7655544, 24, 18, 3),
(96, 7655544, 25, 4, 2),
(97, 7655545, 26, 6, 4),
(98, 7655545, 27, 16, 1),
(99, 7655546, 28, 9, 3),
(100, 7655546, 29, 11, 2),
(101, 7655547, 30, 2, 4),
(102, 7655547, 31, 7, 3),
(103, 7655548, 32, 14, 1),
(104, 7655548, 33, 8, 2),
(105, 7655549, 34, 17, 3),
(106, 7655549, 35, 5, 4),
(107, 7655550, 36, 10, 2),
(108, 7655550, 37, 12, 1),
(109, 7655551, 38, 11, 2),
(110, 7655551, 39, 6, 4),
(111, 7655552, 40, 15, 1),
(112, 7655552, 41, 9, 3),
(113, 7655553, 42, 2, 4),
(114, 7655553, 43, 12, 1),
(115, 7655554, 44, 18, 3),
(116, 7655554, 45, 4, 2),
(117, 7655555, 46, 5, 4),
(118, 7655555, 47, 16, 1),
(119, 7655556, 48, 9, 3),
(120, 7655556, 49, 11, 2),
(121, 7655557, 50, 2, 4),
(122, 7655557, 51, 7, 3),
(123, 7655558, 52, 10, 4),
(124, 7655558, 53, 12, 1),
(125, 7655559, 54, 18, 3),
(126, 7655559, 55, 4, 2),
(127, 7655560, 56, 5, 4),
(128, 7655560, 57, 16, 1),
(129, 7655561, 58, 9, 3),
(130, 7655561, 59, 11, 2),
(131, 7655562, 60, 2, 4),
(132, 7655562, 61, 7, 3),
(133, 7655563, 62, 14, 1),
(134, 7655563, 63, 8, 2),
(135, 7655564, 64, 17, 3),
(136, 7655564, 65, 5, 4),
(137, 7655565, 66, 10, 2),
(138, 7655565, 67, 12, 1),
(139, 7655566, 68, 18, 3),
(140, 7655566, 69, 4, 2),
(141, 7655567, 70, 6, 4),
(142, 7655567, 71, 16, 1),
(143, 7655568, 1, 9, 3),
(144, 7655568, 2, 11, 2),
(145, 7655569, 3, 2, 4),
(146, 7655569, 4, 7, 3),
(147, 7655570, 5, 14, 1),
(148, 7655570, 6, 8, 2),
(149, 7655571, 7, 17, 3),
(150, 7655571, 8, 5, 4),
(151, 7655572, 9, 10, 2),
(152, 7655572, 10, 12, 1),
(153, 7655573, 11, 18, 3),
(154, 7655573, 12, 4, 2),
(155, 7655574, 13, 6, 4),
(156, 7655574, 14, 16, 1),
(157, 7655575, 15, 9, 3),
(158, 7655575, 16, 11, 2),
(159, 7655576, 17, 2, 4),
(160, 7655576, 18, 7, 3),
(161, 7655577, 19, 14, 1),
(162, 7655577, 20, 8, 2),
(163, 7655578, 21, 17, 3),
(164, 7655578, 22, 5, 4),
(165, 7655579, 23, 10, 2),
(166, 7655579, 24, 12, 1),
(167, 7655580, 25, 18, 3),
(168, 7655580, 26, 4, 2),
(169, 7655581, 27, 5, 4),
(170, 7655581, 28, 16, 1),
(171, 7655582, 29, 9, 3),
(172, 7655582, 30, 11, 2),
(173, 7655583, 31, 2, 4),
(174, 7655583, 32, 7, 3),
(175, 7655584, 33, 14, 1),
(176, 7655584, 34, 8, 2),
(177, 7655585, 35, 17, 3),
(178, 7655585, 36, 5, 4),
(179, 7655586, 37, 10, 2),
(180, 7655586, 38, 12, 1),
(181, 7655587, 39, 18, 3),
(182, 7655587, 40, 4, 2),
(183, 7655588, 41, 6, 4),
(184, 7655588, 42, 16, 1),
(185, 7655589, 43, 9, 3),
(186, 7655589, 44, 11, 2),

-- --------------------------------

(187, 7655510, 45, 2, 4),
(188, 7655537, 46, 7, 3),
(189, 7655578, 47, 14, 1),
(190, 7655527, 48, 8, 2),
(191, 7655501, 49, 17, 3),
(192, 7655505, 50, 5, 4),
(193, 7655564, 51, 10, 2),
(194, 7655579, 52, 12, 1),
(195, 7655584, 53, 18, 3);